ord,edon,disn,yr,mo,dy,edo,cab,circ,pan,pri,prd,pvem,pt,mc,panal,morena,ph,ps,pri-pvem,prd-pt,indep1,indep2,efec,nr,nul,tot,lisnom,nota,fuente
3901,1,1,2015,dic,6,ags,Jesús María,2,33805,33810,2787,13180,11202,1384,756,907,1177,1120,0,0,0,0,100128,70,3486,103684,277868,extraordinaria por anulacion,Prep 99.1%
3602,1,2,2015,jun,7,ags,Aguascalientes,2,33410,32887,5050,8681,2598,3056,6355,7449,3270,4651,0,0,0,0,,307,8557,116271,340905,,ine casilla
3603,1,3,2015,jun,7,ags,Aguascalientes,2,35567,27314,2134,6069,1475,1923,4125,6270,2659,3400,0,0,0,0,,298,7955,99189,248581,,ine casilla
3604,2,1,2015,jun,7,bc,Mexicali,1,29664,17015,2728,3005,1289,5839,5293,8149,2836,5006,931,0,0,0,,94,5771,87620,279071,,ine casilla
3605,2,2,2015,jun,7,bc,Mexicali,1,28038,11821,2881,3147,835,8209,4687,8503,4047,8066,850,0,0,0,,167,6078,87329,237921,,ine casilla
3606,2,3,2015,jun,7,bc,Ensenada,1,22279,18200,5977,2886,10093,3087,3949,13373,2637,4302,681,0,0,0,,210,6236,93910,276800,,ine casilla
3607,2,4,2015,jun,7,bc,Tijuana,1,28128,14126,3541,3515,4795,5228,7094,15129,2707,4895,882,0,0,0,,185,6719,96944,336429,,ine casilla
3608,2,5,2015,jun,7,bc,Tijuana,1,26017,14185,3042,2800,2033,3782,3244,12995,2644,4913,756,0,0,0,,687,6966,84064,268149,,ine casilla
3609,2,6,2015,jun,7,bc,Tijuana,1,27785,15168,2835,5599,1743,4153,4682,14444,2880,6888,1458,0,0,0,,330,7848,95813,304581,,ine casilla
3610,2,7,2015,jun,7,bc,Mexicali,1,24991,18876,3479,3622,3808,19455,3974,10171,2278,7196,1170,0,0,0,,191,6512,105723,359848,,ine casilla
3611,2,8,2015,jun,7,bc,Tijuana,1,36480,23543,5015,4806,2634,4260,5042,16508,3037,6085,1407,0,0,0,,359,7843,117019,415080,,ine casilla
3612,3,1,2015,jun,7,bcs,Mulegé,1,50008,33333,4040,1986,1779,1008,3939,6635,4075,3648,1255,158,0,0,,136,4709,116709,203034,,ine casilla
3613,3,2,2015,jun,7,bcs,La Paz,1,49860,23999,9942,3233,10013,1217,2211,8744,4121,5741,1267,1786,0,0,,242,5824,128200,262338,,ine casilla
3614,4,1,2015,jun,7,cam,Campeche,3,50597,63241,7194,4490,2388,2348,13995,30715,2626,6047,4403,0,0,0,,87,6741,194872,299680,,ine casilla
3615,4,2,2015,jun,7,cam,Carmen,3,71047,55995,6054,3151,1673,2334,3561,17284,1537,1875,4490,0,0,0,,63,5684,174748,303930,,ine casilla
3616,5,1,2015,jun,7,coa,Piedras Negras,2,24183,50776,2594,4580,1693,1498,7945,4727,1224,3870,884,0,0,0,,62,3260,107296,282149,,ine casilla
3617,5,2,2015,jun,7,coa,San Pedro,2,21187,67080,6734,4534,2048,3099,9148,7848,2579,2344,628,0,0,0,,40,4244,131513,288092,,ine casilla
3618,5,3,2015,jun,7,coa,Monclova,2,33455,71061,3599,2879,1506,1251,7821,4784,1774,5100,974,0,0,0,,77,3990,138271,313880,,ine casilla
3619,5,4,2015,jun,7,coa,Saltillo,2,24938,63052,2334,4828,1835,1828,8207,5792,3894,4568,978,0,0,0,,84,4832,127170,284002,,ine casilla
3620,5,5,2015,jun,7,coa,Torreón,2,26603,64870,2924,9204,1672,2984,7271,8090,1995,2718,1044,0,0,0,,69,4623,134067,279483,,ine casilla
3621,5,6,2015,jun,7,coa,Torreón,2,53727,47798,2478,9012,1331,5506,5915,9203,2509,3049,1433,0,0,0,,86,4596,146643,306961,,ine casilla
3622,5,7,2015,jun,7,coa,Saltillo,2,31048,47686,2541,3779,1504,1662,6403,5203,2939,3449,697,0,0,0,,165,4323,111399,237469,,ine casilla
3623,6,1,2015,jun,7,col,Colima,1,46257,44174,47218,4007,3676,6670,3172,2412,1584,1159,890,0,0,0,,44,4778,166041,265425,,ine casilla
3624,6,2,2015,jun,7,col,Manzanillo,1,54902,43433,3441,7136,3419,5752,2001,3697,2403,2574,1259,0,0,0,,44,3914,133975,233106,,ine casilla
3625,7,1,2015,jun,7,cps,Palenque,3,2543,26191,7284,77574,5597,1645,2294,14398,961,905,2097,0,0,0,,27,11290,152806,302373,,ine casilla
3626,7,2,2015,jun,7,cps,Bochil,3,2360,54708,12638,55614,6593,915,1924,2073,383,236,1242,0,0,0,,12,4946,143644,240712,,ine casilla
3627,7,3,2015,jun,7,cps,Ocosingo,3,3724,21553,11443,74123,1591,2410,3340,3801,766,584,1869,0,0,0,,26,8023,133253,278366,,ine casilla
3628,7,4,2015,jun,7,cps,Ocozocoautla de Espinosa,3,3490,37464,3498,64251,2482,5370,3340,4847,1088,1692,1982,0,0,0,,44,5018,134566,263339,,ine casilla
3629,7,5,2015,jun,7,cps,San Cristóbal de las Casas,3,3431,42618,6740,54299,1860,2116,2703,5854,1611,1645,1948,0,0,0,,92,10375,135292,273671,,ine casilla
3630,7,6,2015,jun,7,cps,Tuxtla Gutiérrez,3,4467,30526,3535,49476,1942,2365,2416,15509,1382,2417,2457,0,0,0,,181,7157,123830,305129,,ine casilla
3631,7,7,2015,jun,7,cps,Tonalá,3,6141,16835,2051,47349,5769,2028,2138,5278,1152,537,1693,0,0,0,,15,3540,94526,230315,,ine casilla
3632,7,8,2015,jun,7,cps,Comitán de Domínguez,3,1647,31010,6365,82457,4812,1261,3043,4598,1251,1022,2154,0,0,0,,45,7015,146680,283418,,ine casilla
3633,7,9,2015,jun,7,cps,Tuxtla Gutiérrez,3,8227,12239,4152,25017,2853,2126,2655,12729,2369,5998,2349,0,0,0,,402,11715,92831,306598,,ine casilla
3634,7,10,2015,jun,7,cps,Villaflores,3,4683,24985,5625,61932,2620,2065,2941,7596,1119,4412,1946,0,0,0,,40,5932,125896,260260,,ine casilla
3635,7,11,2015,jun,7,cps,Huixtla,3,4197,28387,15437,52927,3209,1498,2214,6088,3034,860,1660,0,0,0,,37,5729,125277,272013,,ine casilla
3636,7,12,2015,jun,7,cps,Tapachula,3,15840,21970,4137,32579,2678,3450,2393,10784,2646,1680,4065,0,0,0,,63,6588,108873,265045,,ine casilla
3637,8,1,2015,jun,7,cua,Juárez,2,14063,30114,4094,8405,1965,3640,7824,9184,2893,4894,1072,0,0,0,,102,5920,94170,406242,,ine casilla
3638,8,2,2015,jun,7,cua,Juárez,2,6971,19047,3269,2978,948,1188,3662,4138,1058,2176,666,0,0,0,,68,4075,50244,185048,,ine casilla
3639,8,3,2015,jun,7,cua,Juárez,2,22603,16158,1612,5369,1345,3040,5348,7757,2158,3390,1225,0,1749,0,,212,4963,76929,242964,,ine casilla
3640,8,4,2015,jun,7,cua,Juárez,2,9684,17202,1614,3672,2607,3442,4769,4695,1713,2233,703,0,0,0,,72,4039,56445,201625,,ine casilla
3641,8,5,2015,jun,7,cua,Delicias,2,38922,53117,3986,2464,2764,1672,9986,5839,1100,2105,1432,0,0,0,,92,5033,128512,317817,,ine casilla
3642,8,6,2015,jun,7,cua,Chihuahua,2,45657,31709,1847,4348,2496,6539,7067,7434,3032,4420,810,0,0,0,,311,7768,123438,286311,,ine casilla
3643,8,7,2015,jun,7,cua,Cuauhtémoc,2,23643,39747,4614,4787,2521,1113,5917,4315,920,2881,1952,0,0,0,,230,5149,97789,305919,,ine casilla
3644,8,8,2015,jun,7,cua,Chihuahua,2,27080,31132,2787,6670,3209,5399,9101,7761,3093,4641,849,0,0,0,,258,7254,109234,344255,,ine casilla
3645,8,9,2015,jun,7,cua,Hidalgo del Parral,2,21447,52066,1893,2378,1402,1234,9614,2278,795,1173,1463,0,0,0,,57,5874,101674,277550,,ine casilla
3646,9,1,2015,jun,7,df,Gustavo A. Madero,4,5900,7269,23753,4559,1480,5698,2914,25075,2461,5202,247,254,0,0,,142,5123,90077,234073,,ine casilla
3647,9,2,2015,jun,7,df,Gustavo A. Madero,4,24216,13171,16001,4962,1692,3611,3669,26146,4050,8042,302,190,0,0,,401,8531,114984,255862,,ine casilla
3648,9,3,2015,jun,7,df,Azcapotzalco,4,17945,14106,20426,5335,1982,3005,4369,29009,4302,7855,437,354,0,0,,320,8208,117653,270193,,ine casilla
3649,9,4,2015,jun,7,df,Iztapalapa,4,9745,9165,26967,5460,2290,3758,2833,31043,3649,8809,0,248,0,0,,286,8252,112505,254933,,ine casilla
3650,9,5,2015,jun,7,df,Tlalpan,4,27211,12579,11237,4105,1818,3309,2338,28229,3544,6533,332,341,0,0,,425,9830,111831,239030,,ine casilla
3651,9,6,2015,jun,7,df,Gustavo A. Madero,4,8706,11431,19916,6048,1694,3760,4832,30319,3513,7683,414,135,0,0,,265,7200,105916,259955,,ine casilla
3652,9,7,2015,jun,7,df,Gustavo A. Madero,4,11994,16402,20568,5710,1967,6262,3942,30143,4081,8816,709,450,0,0,,346,8498,119888,270041,,ine casilla
3653,9,8,2015,jun,7,df,Cuauhtémoc,4,17547,19453,19053,5488,1839,3114,3125,34433,4517,8794,445,179,0,0,,393,9566,127946,282267,,ine casilla
3654,9,9,2015,jun,7,df,Venustiano Carranza,4,10369,12198,30892,6055,1635,9315,2725,21028,3256,7077,292,204,0,0,,310,7389,112745,261049,,ine casilla
3655,9,10,2015,jun,7,df,Miguel Hidalgo,4,38371,15264,29178,5772,1682,3800,3287,21808,3929,8234,450,309,0,0,,518,10632,143234,312293,,ine casilla
3656,9,11,2015,jun,7,df,Venustiano Carranza,4,9879,11561,25058,4379,2122,8145,2964,22951,3270,6875,0,152,0,0,,309,7545,105210,243267,,ine casilla
3657,9,12,2015,jun,7,df,Cuauhtémoc,4,15793,19702,20785,4406,1756,3517,3068,29825,4670,7151,433,227,0,0,,487,9722,121542,280944,,ine casilla
3658,9,13,2015,jun,7,df,Iztacalco,4,11404,11967,22778,4877,2089,5753,3420,23616,3627,7451,468,145,0,0,,450,7573,105618,239088,,ine casilla
3659,9,14,2015,jun,7,df,Tlalpan,4,10305,9527,31472,6702,1934,2523,2182,32757,3318,5407,0,564,0,0,,206,8947,115844,277662,,ine casilla
3660,9,15,2015,jun,7,df,Benito Juárez,4,56625,17975,8886,6227,2056,7522,3380,31787,5202,9275,0,93,0,0,,751,15790,165569,349222,,ine casilla
3661,9,16,2015,jun,7,df,Alvaro Obregón,4,14086,13690,27435,11469,1958,3288,4190,27161,4146,7169,0,341,0,0,,232,9719,124884,291726,,ine casilla
3662,9,17,2015,jun,7,df,Alvaro Obregón,4,30395,24397,25368,10136,2267,4022,3782,25030,4813,7749,2755,665,0,0,,289,9862,151530,333880,,ine casilla
3663,9,18,2015,jun,7,df,Iztapalapa,4,6687,11847,34457,5188,2053,2912,2963,28579,3149,7386,0,335,0,0,,227,7369,113152,250233,,ine casilla
3664,9,19,2015,jun,7,df,Iztapalapa,4,5200,7999,33825,5356,2290,3663,2913,32771,2963,7506,0,307,0,0,,219,7295,112307,257580,,ine casilla
3665,9,20,2015,jun,7,df,Iztapalapa,4,14413,13201,26951,6320,2658,3525,3173,33436,4285,9371,403,302,0,0,,353,9332,127723,270922,,ine casilla
3666,9,21,2015,jun,7,df,Xochimilco,4,7127,21948,15770,7792,2765,14026,3481,26687,3253,7005,1395,208,0,0,,293,7952,119702,276631,,ine casilla
3667,9,22,2015,jun,7,df,Iztapalapa,4,3701,7296,37491,5528,2750,6539,2877,35472,2554,5177,0,376,0,0,,154,7282,117197,269769,,ine casilla
3668,9,23,2015,jun,7,df,Coyoacán,4,16169,12533,36639,4569,2517,5731,3260,29483,4300,6833,0,539,0,0,,456,11147,134176,290096,,ine casilla
3669,9,24,2015,jun,7,df,Coyoacán,4,29543,14741,19146,4250,1719,4758,2643,24866,3012,6538,0,199,6471,0,,583,10890,129359,263658,,ine casilla
3670,9,25,2015,jun,7,df,Iztapalapa,4,9029,10238,22110,6492,2794,6861,2976,32947,3518,6994,0,232,0,0,,330,8196,112717,272642,,ine casilla
3671,9,26,2015,jun,7,df,La Magdalena Contreras,4,28805,24139,21585,5765,2143,5315,3041,27643,4126,6448,723,469,0,0,,421,10894,141517,295373,,ine casilla
3672,9,27,2015,jun,7,df,Tláhuac,4,6315,11883,15552,6291,1595,9865,4304,29417,2913,6135,666,226,0,0,,171,6521,101854,263144,,ine casilla
3673,10,1,2015,jun,7,dgo,Durango,2,16809,58114,4089,4251,7872,4000,3898,5370,1620,1712,1553,0,0,0,,66,4622,113976,277504,,ine casilla
3674,10,2,2015,jun,7,dgo,Gómez Palacio,2,20905,62711,6639,6493,1653,2928,4889,8605,2670,3539,1871,101,0,0,,145,5192,128341,337297,,ine casilla
3675,10,3,2015,jun,7,dgo,Guadalupe Victoria,2,22455,62132,8197,4693,6250,3651,4600,5772,1950,1170,1387,0,0,0,,48,4160,126465,272515,,ine casilla
3676,10,4,2015,jun,7,dgo,Durango,2,26767,40370,2697,4393,14162,18132,5335,6338,2923,3983,971,220,0,0,,185,7015,133491,312925,,ine casilla
3677,11,1,2015,jun,7,gua,San Luis de la Paz,1,46978,31175,6009,15751,3194,1003,4018,2083,1755,1101,598,0,0,0,,62,4791,118518,232202,,ine casilla
3678,11,2,2015,jun,7,gua,Allende,1,49508,28085,7632,14303,1629,4618,6108,3129,6310,3453,859,0,0,0,,151,6068,131853,255994,,ine casilla
3679,11,3,2015,jun,7,gua,León,1,73578,29715,2441,10418,1658,3583,5145,4440,3798,6644,1480,0,0,0,,174,6750,149824,357820,,ine casilla
3680,11,4,2015,jun,7,gua,Guanajuato,1,47806,41511,9266,9529,3034,1842,5139,4887,2738,2363,1180,0,0,0,,175,6026,135496,318822,,ine casilla
3681,11,5,2015,jun,7,gua,León,1,79109,24152,1922,11264,1204,4491,4341,4335,3211,5803,1350,0,0,0,,256,7010,148448,338166,,ine casilla
3682,11,6,2015,jun,7,gua,León,1,70148,28041,1854,10089,1147,3058,4488,4062,2995,6343,1526,0,0,0,,145,5886,139782,332462,,ine casilla
3683,11,7,2015,jun,7,gua,San Francisco del Rincón,1,53059,34693,7978,18556,1213,890,6659,4708,1327,2228,454,0,0,0,,95,4109,135969,301369,,ine casilla
3684,11,8,2015,jun,7,gua,Salamanca,1,54329,21419,14629,21669,1389,3826,9946,6830,5436,3402,303,0,0,0,,142,4798,148118,311926,,ine casilla
3685,11,9,2015,jun,7,gua,Irapuato,1,45658,41418,2101,6138,972,2058,4024,4599,1610,3052,1314,0,0,0,,234,5169,118347,299185,,ine casilla
3686,11,10,2015,jun,7,gua,Uriangato,1,42550,38744,8427,23399,1360,3409,5007,4141,6440,1453,628,0,0,0,,76,4598,140232,269582,,ine casilla
3687,11,11,2015,jun,7,gua,Pénjamo,1,60343,25021,14638,10761,2048,1752,3779,2219,2043,2231,681,0,0,0,,35,4472,130023,252890,,ine casilla
3688,11,12,2015,jun,7,gua,Celaya,1,45984,23889,7706,8692,2824,8865,5664,7995,3920,5128,987,0,0,0,,181,5592,127427,292047,,ine casilla
3689,11,13,2015,jun,7,gua,Valle de Santiago,1,42297,27485,15273,11472,2115,2553,7938,5428,6234,2388,410,0,0,0,,104,4534,128231,266865,,ine casilla
3690,11,14,2015,jun,7,gua,Acámbaro,1,41235,25507,17140,15105,1763,10576,4378,3429,718,1409,502,0,0,0,,65,4902,126729,264295,,ine casilla
3691,12,1,2015,jun,7,gue,Pungarabato,5,4913,61344,56074,2039,1633,6614,3216,5690,409,345,722,865,0,0,,15,3970,147849,232137,,ine casilla
3692,12,2,2015,jun,7,gue,Iguala de la Independencia,5,14295,48312,34050,6739,5354,13239,5346,5867,2067,4410,1301,634,0,0,,45,7961,149620,274147,,ine casilla
3693,12,3,2015,jun,7,gue,José Azueta,5,2573,48675,53158,6177,1821,6952,3845,6915,2064,1835,798,977,0,0,,18,5618,141426,255933,,ine casilla
3694,12,4,2015,jun,7,gue,Acapulco de Juárez,5,10477,39665,39484,5774,3509,11126,2868,6384,1952,2899,1487,1526,0,0,,152,8551,135854,288818,,ine casilla
3695,12,5,2015,jun,7,gue,Tlapa de Comonfort,5,13361,48158,39349,2929,20900,20022,3454,5242,2209,1769,569,1153,0,0,,15,9895,169025,266173,,ine casilla
3696,12,6,2015,jun,7,gue,Chilapa de Alvarez,5,11009,59412,41911,4517,12489,15847,5263,5873,3744,1388,1354,1012,0,0,,31,9418,173268,274201,,ine casilla
3697,12,7,2015,jun,7,gue,Chilpancingo de los Bravo,5,2178,50408,39498,11983,2865,9343,2306,6097,2397,2277,1646,1180,0,0,,41,8626,140845,283257,,ine casilla
3698,12,8,2015,jun,7,gue,Ayutla de los Libres,5,9719,30357,48788,26124,4812,11654,4355,4972,8092,732,1978,961,0,0,,50,10750,163344,239412,,ine casilla
3699,12,9,2015,jun,7,gue,Acapulco de Juárez,5,8258,50032,27452,7457,5201,9918,2320,5509,1390,2902,2209,1689,0,0,,35,8545,132917,287303,,ine casilla
3700,13,1,2015,jun,7,hgo,Huejutla de Reyes,4,18949,53111,17192,2320,2218,1387,10885,5631,2722,38678,600,0,0,0,,29,6875,160597,251425,,ine casilla
3701,13,2,2015,jun,7,hgo,Ixmiquilpan,4,19841,45222,18427,5765,2090,1060,11974,7931,1535,3369,626,0,0,0,,49,5631,123520,267099,,ine casilla
3702,13,3,2015,jun,7,hgo,Actopan,4,8692,47598,14025,5541,4484,1517,15693,9570,2132,11368,735,0,0,0,,74,6090,127519,284539,,ine casilla
3703,13,4,2015,jun,7,hgo,Tulancingo de Bravo,4,12292,33659,11774,7796,1811,1739,10439,6317,1988,8198,958,0,0,0,,80,5062,102113,244773,,ine casilla
3704,13,5,2015,jun,7,hgo,Tula de Allende,4,23566,40286,10152,9693,1989,2434,8306,13316,2202,5306,784,0,0,0,,99,5433,123566,295693,,ine casilla
3705,13,6,2015,jun,7,hgo,Pachuca de Soto,4,16951,37668,4863,5770,2867,2486,10137,9561,2966,7928,904,0,23862,0,,208,7131,133302,307377,,ine casilla
3706,13,7,2015,jun,7,hgo,Tepeapulco,4,11243,42383,9503,7003,2850,3245,16035,11299,3395,8813,800,0,0,0,,170,6397,123136,318528,,ine casilla
3707,14,1,2015,jun,7,jal,Tequila,1,47360,50755,10679,5504,7371,31620,5459,4640,1279,1900,1030,0,0,0,,37,4242,171876,260780,,ine casilla
3708,14,2,2015,jun,7,jal,Lagos de Moreno,1,50870,43694,3453,9682,822,25395,4850,3008,1497,1567,2481,0,0,0,,55,4807,152181,268578,,ine casilla
3709,14,3,2015,jun,7,jal,Tepatitlán de Morelos,1,55014,45785,2986,6616,939,23051,3836,1610,4854,5112,1122,0,0,0,,55,5694,156674,280325,,ine casilla
3710,14,4,2015,jun,7,jal,Zapopan,1,17710,41711,2098,4396,2556,46219,4343,4343,3362,4931,921,0,0,0,,90,4521,137201,296965,,ine casilla
3711,14,5,2015,jun,7,jal,Puerto Vallarta,1,32530,46887,7349,4420,4017,57042,2759,3941,3007,1727,1778,0,0,0,,90,4242,169789,308837,,ine casilla
3712,14,6,2015,jun,7,jal,Zapopan,1,34664,38604,2002,5286,2103,55795,4009,4851,3847,6936,1143,0,0,0,,287,5803,165330,344729,,ine casilla
3713,14,7,2015,jun,7,jal,Tonalá,1,17826,38944,2829,5309,4146,31543,4733,3889,3324,4662,707,0,0,0,,75,3831,121818,302027,,ine casilla
3714,14,8,2015,jun,7,jal,Guadalajara,1,24920,32265,1991,3689,2063,54480,3923,4401,2729,4755,1067,0,0,0,,170,4910,141363,242020,,ine casilla
3715,14,9,2015,jun,7,jal,Guadalajara,1,14497,34762,2123,4032,2749,51517,5236,3935,3091,3643,823,0,0,0,,116,4005,130529,244505,,ine casilla
3716,14,10,2015,jun,7,jal,Zapopan,1,28596,25825,1995,5274,1829,50057,3660,5127,3593,6816,1269,0,0,0,,281,6172,140494,292739,,ine casilla
3717,14,11,2015,jun,7,jal,Guadalajara,1,12396,35332,2108,3580,2790,53153,4874,3769,2439,3011,854,0,0,0,,64,3563,127933,247222,,ine casilla
3718,14,12,2015,jun,7,jal,Tlajomulco de Zúñiga,1,24907,51869,18126,7430,5389,88398,4908,7015,3639,7877,1749,0,0,0,,120,6833,228260,501359,,ine casilla
3719,14,13,2015,jun,7,jal,Guadalajara,1,18134,34646,2000,4618,2538,55377,4617,4131,2834,4075,1104,0,0,0,,110,4259,138443,248951,,ine casilla
3720,14,14,2015,jun,7,jal,Guadalajara,1,19533,26063,2118,5881,2440,56507,3301,3661,2052,4554,1802,0,0,0,,117,4136,132165,246013,,ine casilla
3721,14,15,2015,jun,7,jal,La Barca,1,40236,54507,5810,6443,1977,17573,5646,3682,2882,7810,661,0,0,0,,63,4309,151599,275082,,ine casilla
3722,14,16,2015,jun,7,jal,Tlaquepaque,1,17466,37152,2274,4992,2564,46900,3952,4329,3029,4497,1978,0,0,0,,80,4063,133276,300472,,ine casilla
3723,14,17,2015,jun,7,jal,Jocotepec,1,33769,54172,6981,9721,3377,48860,4644,6914,1392,2202,1757,0,0,0,,55,4840,178684,294599,,ine casilla
3724,14,18,2015,jun,7,jal,Autlán de Navarro,1,37996,57504,10571,3938,2472,32362,6766,4820,4629,1961,925,0,0,0,,30,4700,168674,283805,,ine casilla
3725,14,19,2015,jun,7,jal,Zapotlán El Grande,1,34663,48765,18437,4852,3565,29197,8185,7031,4234,3184,1267,0,0,0,,69,5138,168587,273670,,ine casilla
3726,15,1,2015,jun,7,mex,Jilotepec,5,35233,69341,7656,5102,7346,5722,16712,6792,1790,2774,1283,0,0,0,,58,6078,165887,253247,,ine casilla
3727,15,2,2015,jun,7,mex,Teoloyucán,5,37522,47699,14392,3735,4294,22073,4707,11264,4742,6340,1582,0,0,0,,131,5366,163847,297786,,ine casilla
3728,15,3,2015,jun,7,mex,Atlacomulco,5,30679,58341,13966,2705,7532,3283,6565,6173,1965,3060,1915,0,0,0,,89,5843,142116,242858,,ine casilla
3729,15,4,2015,jun,7,mex,Nicolás Romero,5,41799,51116,7939,4976,2594,6897,7740,18555,5099,7578,1385,0,0,0,,201,6215,162094,345366,,ine casilla
3730,15,5,2015,jun,7,mex,Teotihuacán,5,30179,73470,22239,4564,14483,7719,4863,23400,4761,8077,1237,0,0,0,,138,6467,201597,327498,,ine casilla
3731,15,6,2015,jun,7,mex,Coacalco de Berriozábal,5,22046,41456,32429,5490,2690,5716,4929,18330,4135,10115,1356,0,0,0,,258,6640,155590,319401,,ine casilla
3732,15,7,2015,jun,7,mex,Cuautitlán Izcalli,5,40430,36717,7094,5135,5198,6223,6616,20585,6011,11698,981,0,0,0,,280,7901,154869,301033,,ine casilla
3733,15,8,2015,jun,7,mex,Tultitlán,5,11119,25768,16908,3815,4262,6132,3724,12744,3562,6570,1143,0,0,0,,157,5295,101199,229889,,ine casilla
3734,15,9,2015,jun,7,mex,Ixtlahuaca,5,22234,71286,5850,6295,4960,18851,6536,8712,3404,5620,1205,0,0,0,,90,7408,162451,293827,,ine casilla
3735,15,10,2015,jun,7,mex,Ecatepec de Morelos,5,9849,41512,23585,5754,3995,4054,5352,16705,4438,8933,992,0,0,0,,200,7036,132405,327201,,ine casilla
3736,15,11,2015,jun,7,mex,Ecatepec de Morelos,5,11521,31016,17284,4142,3150,3816,5353,16291,4077,7245,926,0,0,0,,228,6493,111542,248436,,ine casilla
3737,15,12,2015,jun,7,mex,Ixtapaluca,5,9421,72116,43068,4615,1840,5927,3588,11970,3135,6930,2179,0,0,0,,162,6462,171413,370410,,ine casilla
3738,15,13,2015,jun,7,mex,Ecatepec de Morelos,5,8033,30861,11710,4653,2281,2573,4145,16016,2929,6200,1013,0,0,0,,127,5339,95880,228032,,ine casilla
3739,15,14,2015,jun,7,mex,Atizapán de Zaragoza,5,40230,31138,5608,4397,1797,3409,4493,13218,3145,7742,952,0,0,0,,196,6256,122581,282181,,ine casilla
3740,15,15,2015,jun,7,mex,Tlalnepantla de Baz,5,43514,25770,5859,4728,1617,4033,3945,13115,3818,7635,1140,0,0,0,,320,8093,123587,260618,,ine casilla
3741,15,16,2015,jun,7,mex,Ecatepec de Morelos,5,13504,35171,18172,5156,4108,2843,4511,15503,3941,6158,1141,0,0,0,,127,6181,116516,301772,,ine casilla
3742,15,17,2015,jun,7,mex,Ecatepec de Morelos,5,7804,31846,15752,4476,2435,2798,4879,14920,3373,7485,849,0,0,0,,198,6046,102861,243834,,ine casilla
3743,15,18,2015,jun,7,mex,Huixquilucan,5,56245,65155,12366,4771,3271,5766,4248,11534,3720,5822,1523,0,0,0,,184,7104,181709,315967,,ine casilla
3744,15,19,2015,jun,7,mex,Tlalnepantla de Baz,5,25876,29784,10881,3683,1781,3416,4010,13310,3861,7338,991,0,0,0,,239,6585,111755,237483,,ine casilla
3745,15,20,2015,jun,7,mex,Nezahualcóyotl,5,5704,20888,38131,2675,1313,2061,2574,12626,2191,4682,268,0,0,0,,183,5123,98419,206037,,ine casilla
3746,15,21,2015,jun,7,mex,Naucalpan de Juárez,5,39936,26509,5035,3665,1614,4560,3082,11286,2963,5286,1107,0,0,0,,211,5807,111061,243365,,ine casilla
3747,15,22,2015,jun,7,mex,Naucalpan de Juárez,5,33726,23206,4153,3435,1290,2738,3053,10820,3019,5295,789,0,0,0,,184,5288,96996,202057,,ine casilla
3748,15,23,2015,jun,7,mex,Valle de Bravo,5,31716,78822,25684,5016,11802,5278,7547,5388,4506,2938,1171,0,0,0,,45,6256,186169,282311,,ine casilla
3749,15,24,2015,jun,7,mex,Naucalpan de Juárez,5,20740,25253,6049,3657,1499,2886,3059,12598,2601,4551,1113,0,0,0,,114,4434,88554,213961,,ine casilla
3750,15,25,2015,jun,7,mex,Chimalhuacán,5,4598,35389,14239,3937,2254,1695,3305,15384,2735,4930,969,0,0,0,,111,4030,93576,283654,,ine casilla
3751,15,26,2015,jun,7,mex,Toluca,5,33680,53176,8595,5041,6230,7247,7346,10847,4887,8647,1043,0,0,0,,200,7182,154121,306502,,ine casilla
3752,15,27,2015,jun,7,mex,Metepec,5,36075,61718,6101,4256,17775,6494,5853,12060,7259,7075,964,0,0,0,,252,7070,172952,293137,,ine casilla
3753,15,28,2015,jun,7,mex,Zumpango,5,35600,87779,18106,7041,5283,6924,9160,23376,6369,13084,1992,0,0,0,,265,9392,224371,431494,,ine casilla
3754,15,29,2015,jun,7,mex,Nezahualcóyotl,5,4188,25881,45419,2675,1250,1607,2179,9357,2074,3562,1048,0,0,0,,129,4468,103837,209405,,ine casilla
3755,15,30,2015,jun,7,mex,Nezahualcóyotl,5,3724,22219,48944,2904,1493,1717,2203,9862,2240,3853,454,0,0,0,,129,4441,104183,216692,,ine casilla
3756,15,31,2015,jun,7,mex,Nezahualcóyotl,5,2720,20052,51238,3117,1118,1905,2272,8115,2324,3663,549,0,0,0,,178,4259,101510,214236,,ine casilla
3757,15,32,2015,jun,7,mex,Valle de Chalco Solidaridad,5,3806,25880,26164,2977,1285,16280,2601,25764,2718,5016,581,0,0,0,,76,5434,118582,247881,,ine casilla
3758,15,33,2015,jun,7,mex,Chalco,5,16453,58935,24468,4972,5016,24312,4410,15690,3891,15118,1202,0,0,0,,113,7318,181898,332038,,ine casilla
3759,15,34,2015,jun,7,mex,Toluca,5,36088,47819,9748,4738,6575,5094,5843,11067,5317,7795,1076,0,0,0,,216,7099,148475,282276,,ine casilla
3760,15,35,2015,jun,7,mex,Tenancingo,5,27551,49895,22214,3051,6821,7081,5861,13477,5441,6205,667,0,0,0,,108,6614,154986,260667,,ine casilla
3761,15,36,2015,jun,7,mex,Tejupilco,5,35340,69040,44952,1541,4327,2861,2591,5084,837,744,975,0,0,0,,41,5011,173344,238802,,ine casilla
3762,15,37,2015,jun,7,mex,Cuautitlán,5,22216,35307,19164,3963,4495,11305,4074,13857,4723,9120,876,0,0,0,,172,5734,135006,272319,,ine casilla
3763,15,38,2015,jun,7,mex,Texcoco,5,4791,43431,13687,3718,1941,3084,3471,58228,3893,5234,1125,0,0,0,,120,5247,147970,304664,,ine casilla
3764,15,39,2015,jun,7,mex,La Paz,5,5625,48060,28501,4105,3293,3179,3849,18972,4843,10701,957,0,0,0,,152,6187,138424,296638,,ine casilla
3765,15,40,2015,jun,7,mex,Zinacantepec,5,26207,54583,21083,3201,12636,6948,6577,6213,5449,4755,987,0,0,0,,99,6331,155069,259240,,ine casilla
3766,16,1,2015,jun,7,mic,Lázaro Cárdenas,5,11008,47176,43318,4768,1867,2631,2173,6777,1766,1664,492,467,0,0,,44,5450,129601,248856,,ine casilla
3767,16,2,2015,jun,7,mic,Puruándiro,5,23175,46329,48812,5717,16640,4671,4478,5672,2024,2429,631,823,0,0,,63,7330,168794,300081,,ine casilla
3768,16,3,2015,jun,7,mic,Zitácuaro,5,17840,49785,43977,7899,5747,5865,2925,5205,1423,1435,1689,1564,0,0,,39,6195,151588,238679,,ine casilla
3769,16,4,2015,jun,7,mic,Jiquilpan,5,36490,45447,31403,11823,4320,8299,2611,3684,1045,2736,443,319,0,0,,44,5580,154244,265650,,ine casilla
3770,16,5,2015,jun,7,mic,Zamora,5,34573,36238,19362,6982,6483,3980,3385,10822,2068,2767,839,362,0,0,,141,5604,133606,279974,,ine casilla
3771,16,6,2015,jun,7,mic,Hidalgo,5,27919,37353,40632,5851,7887,11072,5160,5165,1563,2018,796,631,0,0,,47,7118,153212,268188,,ine casilla
3772,16,7,2015,jun,7,mic,Zacapu,5,26681,41367,42333,7205,6279,8984,3646,7999,2380,4595,514,805,0,0,,52,8258,161098,265306,,ine casilla
3773,16,8,2015,jun,7,mic,Morelia,5,26302,35759,21334,8499,3815,4773,3198,9033,3885,5261,991,634,0,0,,269,10410,134163,292391,,ine casilla
3774,16,9,2015,jun,7,mic,Uruapan,5,26110,34780,40092,6694,2158,2917,5030,7160,4355,1656,493,758,0,0,,145,6677,139025,279402,,ine casilla
3775,16,10,2015,jun,7,mic,Morelia,5,39201,33811,17516,8500,4000,4949,2407,9414,4099,4445,1174,522,0,0,,294,10838,141170,266319,,ine casilla
3776,16,11,2015,jun,7,mic,Pátzcuaro,5,17883,50287,57748,7191,5497,3240,3082,6340,1486,1376,1221,1142,0,0,,71,8850,165414,273328,,ine casilla
3777,16,12,2015,jun,7,mic,Apatzingán,5,22821,30966,34290,9697,5045,12389,2625,7665,1765,2703,717,854,0,0,,34,5627,137198,245304,,ine casilla
3778,17,1,2015,jun,7,mor,Cuernavaca,4,30825,22569,16444,11239,3119,9207,6371,19128,7473,9723,0,206,0,0,,439,12924,149667,295341,,ine casilla
3779,17,2,2015,jun,7,mor,Jiutepec,4,14144,20156,25735,20658,2609,8848,5523,15552,19557,7395,0,236,0,0,,185,9150,149748,300727,,ine casilla
3780,17,3,2015,jun,7,mor,Cuautla,4,13024,30642,28636,7673,10893,12046,15164,12965,6907,8556,0,576,0,0,,131,9741,156954,276056,,ine casilla
3781,17,4,2015,jun,7,mor,Jojutla,4,7227,47361,19104,7505,13759,17746,6323,9682,5651,5262,0,319,0,0,,70,8061,148070,244653,,ine casilla
3782,17,5,2015,jun,7,mor,Yautepec,4,12070,22119,20770,13110,3987,7201,25474,11439,18767,6916,0,183,0,0,,369,9399,151804,251859,,ine casilla
3783,18,1,2015,jun,7,nay,Santiago Ixcuintla,1,7341,45253,22776,2973,2903,5774,2194,3957,577,737,0,1010,0,0,,13,3719,99227,220113,,ine casilla
3784,18,2,2015,jun,7,nay,Tepic,1,21743,35994,25871,4536,3687,1219,3566,5281,1661,2300,0,1047,9008,0,,92,5098,121103,283064,,ine casilla
3785,18,3,2015,jun,7,nay,Compostela,1,32338,47613,3839,4921,2521,3538,3168,5574,1200,1757,0,214,0,0,,40,5019,111742,290366,,ine casilla
3786,19,1,2015,jun,7,nl,Santa Catarina,2,76809,29283,2246,7363,2468,29553,7262,3978,7887,3159,356,44,0,0,,147,4765,175320,295241,,ine casilla
3787,19,2,2015,jun,7,nl,Apodaca,2,56876,61893,3583,11750,4130,27897,7965,5545,5551,5391,366,10,0,0,,120,4038,195115,360935,,ine casilla
3788,19,3,2015,jun,7,nl,General Escobedo,2,60320,55846,3590,9804,5142,30448,6739,5797,6376,6539,494,23,0,0,,137,4928,196183,355132,,ine casilla
3789,19,4,2015,jun,7,nl,San Nicolás de los Garza,2,79603,24001,1856,7035,2626,20060,5182,4290,3914,5218,294,8,0,0,,78,3502,157667,259074,,ine casilla
3790,19,5,2015,jun,7,nl,Monterrey,2,25062,46911,1838,5749,14174,10735,4009,2801,3397,8657,677,36,0,0,,90,4327,128463,243039,,ine casilla
3791,19,6,2015,jun,7,nl,Monterrey,2,53761,31044,2253,5704,5902,28356,5337,4437,5024,5839,368,81,0,0,,83,4375,152564,231085,,ine casilla
3792,19,7,2015,jun,7,nl,Monterrey,2,38612,36353,2127,5285,4409,16982,3836,3828,3621,4642,419,40,0,0,,58,3696,123908,203839,,ine casilla
3793,19,8,2015,jun,7,nl,Guadalupe,2,51653,43749,1981,7313,2017,15526,4720,3736,2540,3519,620,15,15421,0,,78,3559,156447,255695,,ine casilla
3794,19,9,2015,jun,7,nl,Linares,2,60357,76405,1343,4207,6231,5794,15889,2098,3586,3805,629,18,0,0,,66,7405,187833,288905,,ine casilla
3795,19,10,2015,jun,7,nl,Monterrey,2,52462,27913,2108,6134,3700,24798,4873,5478,4176,4190,451,16,0,0,,91,4001,140391,226757,,ine casilla
3796,19,11,2015,jun,7,nl,Guadalupe,2,55331,41517,2243,6436,2503,19416,6380,4690,4203,5140,549,20,0,0,,75,4007,152510,268191,,ine casilla
3797,19,12,2015,jun,7,nl,Cadereyta Jiménez,2,87458,102392,15764,25532,6416,20261,15393,6443,9254,26479,1775,305,0,0,,280,8978,326730,573302,,ine casilla
3798,20,1,2015,jun,7,oax,San Juan Bautista Tuxtepec,3,11601,40575,24088,3982,2545,3724,1826,17113,1008,949,0,938,0,0,,37,3885,112271,232591,,ine casilla
3799,20,2,2015,jun,7,oax,Teotitlán de Flores Magón,3,6353,23265,9549,1667,1227,1207,12722,12405,487,337,0,128,0,0,,7,2806,72160,187018,,ine casilla
3800,20,3,2015,jun,7,oax,Heroica Ciudad de Huajuapan de León,3,6517,25350,18097,4431,1891,1545,2284,10731,1338,2169,0,714,0,0,,55,5733,80855,266777,,ine casilla
3801,20,4,2015,jun,7,oax,Tlacolula de Matamoros,3,14781,26570,6621,4960,3854,1307,3136,18723,1299,3526,0,260,0,0,,58,6649,91744,244703,,ine casilla
3802,20,5,2015,jun,7,oax,Santo Domingo Tehuantepec,3,3552,23492,24851,1500,1658,2579,1082,7979,1015,21468,0,668,0,0,,59,4248,94151,240762,,ine casilla
3803,20,6,2015,jun,7,oax,Heroica Ciudad de Tlaxiaco,3,2724,27048,38020,2298,2333,940,1441,18088,617,627,0,941,0,0,,36,5355,100468,245030,,ine casilla
3804,20,7,2015,jun,7,oax,Juchitán de Zaragoza,3,2740,21756,14804,2937,1494,391,1474,7409,597,3634,0,280,0,0,,20,2975,60511,238336,,ine casilla
3805,20,8,2015,jun,7,oax,Oaxaca de Juárez,3,11562,23599,19969,8423,3060,1707,4463,13177,2451,5608,0,740,0,0,,227,8361,103347,286362,,ine casilla
3806,20,9,2015,jun,7,oax,Santa Lucía del Camino,3,18319,18891,22173,6947,2545,1317,2864,17352,1797,2857,0,537,0,0,,90,7953,103642,262210,,ine casilla
3807,20,10,2015,jun,7,oax,Miahuatlán de Porfirio Díaz,3,19558,33996,9344,2884,1733,12795,1866,7526,865,643,0,208,0,0,,33,5162,96613,232308,,ine casilla
3808,20,11,2015,jun,7,oax,Santiago Pinotepa Nacional,3,2879,31900,18984,1975,1360,915,1753,7465,917,379,0,345,0,0,,14,3569,72455,281650,,ine casilla
3809,21,1,2015,jun,7,pue,Huauchinango,4,53914,53452,4204,2812,2542,1812,4478,7345,1114,1521,3586,0,0,0,,77,7622,144479,258750,,ine casilla
3810,21,2,2015,jun,7,pue,Zacatlán,4,43578,60350,4020,3173,2213,1046,3272,5851,1315,1501,3635,0,0,0,,57,6191,136202,247532,,ine casilla
3811,21,3,2015,jun,7,pue,Teziutlán,4,50739,36879,3951,3380,2673,2275,3229,6029,1204,1555,2293,0,0,0,,62,5557,119826,242593,,ine casilla
3812,21,4,2015,jun,7,pue,Zacapoaxtla,4,44801,37125,4624,2755,3945,2366,3444,9615,1117,1020,2520,0,0,0,,35,6229,119596,247211,,ine casilla
3813,21,5,2015,jun,7,pue,San Martín Texmelucan,4,25844,16863,2509,4379,4542,9981,2769,8075,3368,2367,1867,0,0,0,,137,4483,87184,260068,,ine casilla
3814,21,6,2015,jun,7,pue,Puebla,4,25487,21743,2575,5382,1901,3155,3584,15638,2888,5033,2109,0,5208,0,,226,7379,102308,301572,,ine casilla
3815,21,7,2015,jun,7,pue,Tepeaca,4,32932,47532,1722,2982,1463,1278,2711,7811,1073,2051,3397,0,0,0,,44,4289,109285,254009,,ine casilla
3816,21,8,2015,jun,7,pue,Chalchicomula de Sesma,4,31410,21140,11633,3316,1955,1472,3065,8367,1783,1084,1310,0,0,0,,43,4368,90946,222950,,ine casilla
3817,21,9,2015,jun,7,pue,Puebla,4,25551,14166,3503,6354,2358,3430,5988,16841,3087,6000,1247,0,0,0,,248,7617,96390,287062,,ine casilla
3818,21,10,2015,jun,7,pue,San Pedro Cholula,4,28428,14558,4801,3920,2738,11465,4349,13462,3328,5810,1179,0,0,0,,232,7410,101680,318443,,ine casilla
3819,21,11,2015,jun,7,pue,Puebla,4,27393,20240,2563,5112,3055,5122,4836,17416,4094,6877,2385,0,0,0,,358,9544,108995,308553,,ine casilla
3820,21,12,2015,jun,7,pue,Puebla,4,27096,23857,3147,4765,2301,4536,4323,19478,4114,7226,2470,0,0,0,,405,9440,113158,297053,,ine casilla
3821,21,13,2015,jun,7,pue,Atlixco,4,19711,29888,3682,5570,1765,1065,5117,8447,1134,1837,5573,0,0,0,,227,4524,88540,231143,,ine casilla
3822,21,14,2015,jun,7,pue,Izúcar de Matamoros,4,3285,45952,20049,2298,9355,1893,2980,4897,1015,809,3355,0,0,0,,33,3525,99446,226674,,ine casilla
3823,21,15,2015,jun,7,pue,Tehuacán,4,41806,16434,6740,4365,2689,1042,5135,6599,1746,1562,1704,0,13990,0,,123,5029,108964,260691,,ine casilla
3824,21,16,2015,jun,7,pue,Ajalpan,4,13123,44373,5242,1863,1633,514,36233,3882,410,561,2266,0,0,0,,19,4248,114367,208027,,ine casilla
3825,22,1,2015,jun,7,que,Cadereyta de Montes,2,75502,70818,9328,15296,1566,5535,4682,7426,3106,3531,1134,0,0,0,,87,10087,208098,309734,,ine casilla
3826,22,2,2015,jun,7,que,San Juan del Río,2,79580,63565,5395,10440,2192,2877,6662,9352,8591,6179,2203,0,0,0,,233,10781,208050,364380,,ine casilla
3827,22,3,2015,jun,7,que,Querétaro,2,78150,48753,5168,7090,1996,4644,4638,13790,4797,6218,1376,0,0,0,,256,9461,186337,363253,,ine casilla
3828,22,4,2015,jun,7,que,Querétaro,2,86390,60154,6214,8266,2267,4103,5239,14140,5345,6033,1400,0,0,0,,301,10855,210707,376420,,ine casilla
3829,23,1,2015,jun,7,qui,Solidaridad,3,17254,67746,10402,19725,4723,8253,6560,26574,5327,7495,5635,0,0,0,,238,10236,190168,546544,,ine casilla
3830,23,2,2015,jun,7,qui,Othón P. Blanco,3,13961,44636,14878,3196,6859,2068,7025,18185,2137,3531,2030,0,10969,0,,98,6480,136053,254577,,ine casilla
3831,23,3,2015,jun,7,qui,Benito Juárez,3,10182,14224,6812,16411,2020,10949,2586,10375,3077,2927,3082,0,0,0,,205,5610,88460,237651,,ine casilla
3832,24,1,2015,jun,7,san,Matehuala,2,36056,48568,8457,10275,8510,9211,6991,5768,1296,3313,2345,718,0,0,,103,11285,152896,251120,,ine casilla
3833,24,2,2015,jun,7,san,Soledad de Graciano Sánchez,2,22946,35069,47715,8635,6109,4862,4969,5163,2064,2608,1426,972,0,0,,377,8993,151908,280220,,ine casilla
3834,24,3,2015,jun,7,san,Rioverde,2,51380,49769,4597,11937,5803,3590,4016,3574,1237,1598,1505,367,0,0,,86,9142,148601,243033,,ine casilla
3835,24,4,2015,jun,7,san,Ciudad Valles,2,42766,46398,6993,5480,3809,4616,5903,4346,3506,2634,2035,159,0,0,,96,8364,137105,238565,,ine casilla
3836,24,5,2015,jun,7,san,San Luis Potosí,2,45161,23477,30872,8595,2649,5045,5044,8558,3023,4939,940,1112,0,0,,1462,9453,150330,288476,,ine casilla
3837,24,6,2015,jun,7,san,San Luis Potosí,2,35254,14434,42739,12447,3247,3947,4866,7054,3364,4539,781,1214,0,0,,970,8358,143214,295840,,ine casilla
3838,24,7,2015,jun,7,san,Tamazunchale,2,54102,52099,17138,9966,2912,6759,11748,8967,1808,1318,1860,657,0,0,,36,14019,183389,262378,,ine casilla
3839,25,1,2015,jun,7,sin,El Fuerte,1,17484,43444,6420,2662,847,818,2589,1510,526,492,840,0,19753,0,,54,3284,100723,210880,,ine casilla
3840,25,2,2015,jun,7,sin,Ahome,1,30793,47791,3734,3974,1430,2933,4028,7518,2925,1918,1142,0,0,0,,161,5781,114128,297845,,ine casilla
3841,25,3,2015,jun,7,sin,Salvador Alvarado,1,17011,43419,5013,3875,869,1659,3527,4828,1588,2163,1247,0,0,0,,239,4323,89761,251369,,ine casilla
3842,25,4,2015,jun,7,sin,Guasave,1,45136,41039,4458,879,560,322,1610,3403,1975,1047,767,0,0,0,,37,2848,104081,199650,,ine casilla
3843,25,5,2015,jun,7,sin,Culiacán,1,8080,27635,2366,3228,1233,1300,3390,4619,1041,1404,652,0,43730,0,,231,4791,103700,300150,,ine casilla
3844,25,6,2015,jun,7,sin,Mazatlán,1,14289,33863,4465,3175,1815,1545,8815,3082,929,647,1208,0,15297,0,,212,4565,93907,232892,,ine casilla
3845,25,7,2015,jun,7,sin,Culiacán,1,9845,25736,3967,4226,5728,1801,2807,4919,1391,1380,586,0,13629,0,,764,4662,81441,272803,,ine casilla
3846,25,8,2015,jun,7,sin,Mazatlán,1,20996,15614,1074,7231,12031,1568,2422,3918,2036,1134,2305,0,8909,0,,130,5567,84935,242731,,ine casilla
3847,26,1,2015,jun,7,son,San Luis Río Colorado,1,57152,47007,4124,3273,1560,3099,2881,7277,955,3422,825,0,0,0,,80,3822,135477,283553,,ine casilla
3848,26,2,2015,jun,7,son,Nogales,1,62089,48916,3481,3069,2972,9759,5653,4187,747,1805,989,0,0,0,,47,5611,149325,311584,,ine casilla
3849,26,3,2015,jun,7,son,Hermosillo,1,58866,50666,3229,3657,1671,4842,4094,6675,1762,2941,1984,0,0,0,,108,5485,145980,289652,,ine casilla
3850,26,4,2015,jun,7,son,Guaymas,1,56504,58559,8993,5504,3187,3204,7310,5486,711,1835,1236,0,0,0,,33,5581,158143,261414,,ine casilla
3851,26,5,2015,jun,7,son,Hermosillo,1,52178,53186,2751,2825,1677,3604,2927,4863,1375,2355,1783,0,0,0,,74,4837,134435,263019,,ine casilla
3852,26,6,2015,jun,7,son,Cajeme,1,37321,67194,2758,2750,1306,11647,5834,6268,1797,2248,1594,0,0,0,,77,4239,145033,304116,,ine casilla
3853,26,7,2015,jun,7,son,Navojoa,1,59730,66322,8458,1910,1145,1341,4541,3248,378,919,1696,0,0,0,,28,4475,154191,254272,,ine casilla
3854,27,1,2015,jun,7,tab,Macuspana,3,7452,36772,37248,24382,2423,9066,3906,16999,1231,1307,0,205,0,0,,83,5354,146428,235925,,ine casilla
3855,27,2,2015,jun,7,tab,Cárdenas,3,2156,48861,59197,11709,10453,2427,2085,6190,949,1343,0,636,0,0,,36,4255,150297,247230,,ine casilla
3856,27,3,2015,jun,7,tab,Comalcalco,3,2361,38549,60810,7943,4107,2296,8492,37860,1052,941,0,328,2321,0,,100,5187,172347,273638,,ine casilla
3857,27,4,2015,jun,7,tab,Centro,3,3728,29784,22923,18796,2055,3948,2700,23190,1583,5566,0,311,0,0,,131,5969,120684,266869,,ine casilla
3858,27,5,2015,jun,7,tab,Paraíso,3,22959,42726,40398,28968,5761,4652,2525,14869,1245,2147,0,281,0,0,,61,7035,173627,276132,,ine casilla
3859,27,6,2015,jun,7,tab,Centro,3,3739,45937,34085,32087,2980,4043,2674,19731,1478,2876,0,609,0,0,,99,6728,157066,313755,,ine casilla
3860,28,1,2015,jun,7,tam,Nuevo Laredo,2,53683,56473,2107,3867,664,1094,2221,2352,941,2372,0,0,3110,0,,156,4762,133802,330113,,ine casilla
3861,28,2,2015,jun,7,tam,Reynosa,2,33639,46104,2916,8308,1622,4648,5627,6931,2179,4035,0,0,0,0,,201,6232,122442,315559,,ine casilla
3862,28,3,2015,jun,7,tam,Río Bravo,2,39194,89311,4930,6890,2254,2994,7836,7267,2018,9537,0,0,0,0,,194,7483,179908,438661,,ine casilla
3863,28,4,2015,jun,7,tam,Matamoros,2,40561,53452,1262,6447,759,1400,3113,3657,960,3657,0,0,8136,0,,160,4766,128330,298082,,ine casilla
3864,28,5,2015,jun,7,tam,Victoria,2,14445,65995,1662,2877,1946,49991,7032,2621,1117,2772,0,0,0,0,,69,5057,155584,287163,,ine casilla
3865,28,6,2015,jun,7,tam,El Mante,2,31909,73830,3199,5934,1921,1476,9185,2857,1774,5189,0,0,0,0,,51,3658,140983,252177,,ine casilla
3866,28,7,2015,jun,7,tam,Ciudad Madero,2,24904,57053,7770,9537,2210,9433,7056,7389,2204,5528,0,0,4983,0,,162,6022,144251,318025,,ine casilla
3867,28,8,2015,jun,7,tam,Tampico,2,35261,42766,5812,7418,1496,6565,4013,7114,1670,3751,0,0,0,0,,144,5173,121183,257932,,ine casilla
3868,29,1,2015,jun,7,tla,Apizaco,4,17719,40042,4519,5002,4246,1509,3035,21683,1580,3634,0,0,0,0,,50,6887,109906,291342,,ine casilla
3869,29,2,2015,jun,7,tla,Tlaxcala,4,21211,25984,12938,5827,20243,1711,3971,12269,1868,3943,0,0,0,0,,80,6448,116493,289894,,ine casilla
3870,29,3,2015,jun,7,tla,Zacatelco,4,12152,28912,13737,3538,8060,7661,16535,10131,1058,1263,0,0,2488,0,,73,5179,110787,274918,,ine casilla
3871,30,1,2015,jun,7,ver,Pánuco,3,27328,35300,4066,17866,706,1862,2270,4908,780,982,1215,0,0,0,,32,3452,100767,215169,,ine casilla
3872,30,2,2015,jun,7,ver,Tantoyuca,3,38906,40780,46993,7587,2862,2189,3185,5334,812,746,1045,0,0,0,,22,5643,156104,250131,,ine casilla
3873,30,3,2015,jun,7,ver,Tuxpan,3,35289,39692,5149,6176,1819,2299,2918,9929,1574,2394,2228,0,0,0,,261,4859,114587,242900,,ine casilla
3874,30,4,2015,jun,7,ver,Veracruz,3,57009,19457,5240,8092,5332,2661,2087,12550,2510,2783,3667,0,0,0,,317,6496,128201,274058,,ine casilla
3875,30,5,2015,jun,7,ver,Poza Rica de Hidalgo,3,11031,28391,35498,3913,3300,2135,5096,11394,3722,1675,1103,0,0,0,,687,5886,113831,259436,,ine casilla
3876,30,6,2015,jun,7,ver,Papantla,3,7472,32029,29507,5128,1875,22076,3053,6565,1221,772,990,0,0,0,,222,3873,114783,228427,,ine casilla
3877,30,7,2015,jun,7,ver,Martínez de la Torre,3,28405,31683,21127,14052,2190,3434,2507,12992,1333,2192,2533,0,0,0,,812,4830,128090,254961,,ine casilla
3878,30,8,2015,jun,7,ver,Xalapa,3,21573,34486,19221,9027,5383,7069,3572,18619,2738,3371,1601,958,0,0,,921,7096,135635,302372,,ine casilla
3879,30,9,2015,jun,7,ver,Coatepec,3,22565,29836,9659,6697,3430,5356,3693,19264,2856,5059,1892,0,0,0,,296,7736,118339,274400,,ine casilla
3880,30,10,2015,jun,7,ver,Xalapa,3,22035,13715,8338,2900,4113,5975,4188,31368,3671,4816,1106,283,9048,2449,,1089,9305,124399,282864,,ine casilla
3881,30,11,2015,jun,7,ver,Coatzacoalcos,3,11806,23734,5000,3182,1615,2799,5760,43063,1591,7008,1197,0,3629,1340,,384,6616,118724,295469,,ine casilla
3882,30,12,2015,jun,7,ver,Veracruz,3,36574,25524,5897,4903,3139,5322,2740,15263,2682,3451,3019,0,0,0,,244,6983,115741,282603,,ine casilla
3883,30,13,2015,jun,7,ver,Huatusco,3,39449,37120,7661,7876,1657,13303,1896,9373,1874,2011,3313,0,0,0,,842,5713,132088,271094,,ine casilla
3884,30,14,2015,jun,7,ver,Minatitlán,3,9572,30816,6095,3434,20805,1282,1275,16335,1112,2141,1239,0,0,0,,56,5219,99381,248943,,ine casilla
3885,30,15,2015,jun,7,ver,Orizaba,3,35530,36438,9696,6443,2174,2289,2432,17127,2559,4161,1836,0,0,0,,490,7989,129164,286057,,ine casilla
3886,30,16,2015,jun,7,ver,Córdoba,3,36568,36533,6580,7005,2518,4696,3018,18508,6710,3944,1792,0,0,0,,588,8254,136714,283412,,ine casilla
3887,30,17,2015,jun,7,ver,Cosamaloapan,3,36533,43219,4874,16637,2120,1694,2404,13498,1674,1957,2753,0,0,0,,140,6647,134150,310754,,ine casilla
3888,30,18,2015,jun,7,ver,Zongolica,3,31540,33243,22480,6685,3942,9877,1876,10165,1395,2176,1603,0,0,0,,170,7937,133089,254865,,ine casilla
3889,30,19,2015,jun,7,ver,San Andrés Tuxtla,3,15851,41484,12068,17927,2288,1008,2716,13534,2476,4172,2103,0,0,0,,497,4912,121036,256058,,ine casilla
3890,30,20,2015,jun,7,ver,Acayucan,3,9806,57074,3830,14450,3717,2037,1573,11728,1331,1426,2363,0,0,0,,63,4860,114258,244057,,ine casilla
3891,30,21,2015,jun,7,ver,Cosoleacaque,3,15970,35855,11339,6405,2415,1415,1356,15520,1130,1776,2250,0,0,0,,86,5096,100613,264699,,ine casilla
3892,31,1,2015,jun,7,yuc,Valladolid,3,70693,97699,13163,1546,693,1634,2561,10066,315,410,1011,0,0,0,,17,3124,202932,251937,,ine casilla
3893,31,2,2015,jun,7,yuc,Progreso,3,68191,91660,9561,6169,1063,1911,15762,5927,1128,805,613,0,0,0,,54,4756,207600,281245,,ine casilla
3894,31,3,2015,jun,7,yuc,Mérida,3,75914,85919,2760,5118,1202,6791,2903,9126,1697,2948,2870,0,0,0,,188,6525,203961,341507,,ine casilla
3895,31,4,2015,jun,7,yuc,Mérida,3,76434,71007,2091,4211,956,5533,2365,6814,1379,2008,2429,0,0,0,,129,5779,181135,286024,,ine casilla
3896,31,5,2015,jun,7,yuc,Ticul,3,71941,101181,20953,10847,1767,809,3061,4333,639,788,651,0,0,0,,31,5308,222309,275895,,ine casilla
3897,32,1,2015,jun,7,zac,Fresnillo,2,8466,38491,13066,5995,29043,1277,3406,4710,2396,4668,1327,2580,0,0,,79,4907,120411,272780,,ine casilla
3898,32,2,2015,jun,7,zac,Jerez,2,36097,45441,17469,9048,3479,826,2758,3323,1416,1718,1109,498,0,0,,72,4949,128203,267184,,ine casilla
3899,32,3,2015,jun,7,zac,Zacatecas,2,9681,38448,20460,10499,12266,2947,3513,8156,3121,2934,1063,0,0,0,,168,6167,119423,267915,,ine casilla
3900,32,4,2015,jun,7,zac,Guadalupe,2,6468,43187,16480,10773,18389,2010,3607,20462,2476,2640,1106,0,0,0,,139,6534,134271,295836,,ine casilla
